{
  "$schema": "https://developer.microsoft.com/json-schemas/fabric/item/report/definition/visualContainer/2.2.0/schema.json",
  "name": "dd513c3f80086c0e07b9",
  "position": {
    "x": 938.59662640915269,
    "y": 373.2431028995461,
    "z": 9000,
    "height": 42.538735992227679,
    "width": 179.76046499941373,
    "tabOrder": 8000
  },
  "visual": {
    "visualType": "textbox",
    "objects": {
      "general": [
        {
          "properties": {
            "paragraphs": [
              {
                "textRuns": [
                  {
                    "value": "Defaulted Loans",
                    "textStyle": {
                      "fontWeight": "bold",
                      "fontSize": "16pt",
                      "color": "#000000"
                    }
                  }
                ]
              }
            ]
          }
        }
      ]
    },
    "visualContainerObjects": {
      "background": [
        {
          "properties": {
            "transparency": {
              "expr": {
                "Literal": {
                  "Value": "97D"
                }
              }
            }
          }
        }
      ]
    },
    "drillFilterOtherVisuals": true
  }
}