{
  "$schema": "https://developer.microsoft.com/json-schemas/fabric/item/report/definition/visualContainer/2.2.0/schema.json",
  "name": "ad0d281b49b50487012b",
  "position": {
    "x": 639.453257173487,
    "y": 0,
    "z": 0,
    "height": 97.4274275951021,
    "width": 142.71059816747351
  },
  "visual": {
    "visualType": "textbox",
    "objects": {
      "general": [
        {
          "properties": {
            "paragraphs": [
              {
                "textRuns": [
                  {
                    "value": "Map",
                    "textStyle": {
                      "fontWeight": "bold",
                      "fontFamily": "Nunito",
                      "fontSize": "40pt",
                      "color": "#6b007b"
                    }
                  }
                ]
              }
            ]
          }
        }
      ]
    },
    "drillFilterOtherVisuals": true
  }
}