{
  "$schema": "https://developer.microsoft.com/json-schemas/fabric/item/report/definition/visualContainer/2.2.0/schema.json",
  "name": "244406f093c527b0cd35",
  "position": {
    "x": 569.47017537982219,
    "y": 63.121995343305585,
    "z": 2000,
    "height": 113.89403507596442,
    "width": 275.81567530444397,
    "tabOrder": 1000
  },
  "visual": {
    "visualType": "card",
    "query": {
      "queryState": {
        "Values": {
          "projections": [
            {
              "field": {
                "Measure": {
                  "Expression": {
                    "SourceRef": {
                      "Entity": "Analysis"
                    }
                  },
                  "Property": "Average Monthly Installment"
                }
              },
              "queryRef": "Analysis.Average Monthly Installment",
              "nativeQueryRef": "Average Monthly Installment"
            }
          ]
        }
      },
      "sortDefinition": {
        "sort": [
          {
            "field": {
              "Measure": {
                "Expression": {
                  "SourceRef": {
                    "Entity": "Analysis"
                  }
                },
                "Property": "Average Monthly Installment"
              }
            },
            "direction": "Descending"
          }
        ],
        "isDefaultSort": true
      }
    },
    "objects": {
      "labels": [
        {
          "properties": {
            "color": {
              "solid": {
                "color": {
                  "expr": {
                    "ThemeDataColor": {
                      "ColorId": 1,
                      "Percent": 0
                    }
                  }
                }
              }
            },
            "bold": {
              "expr": {
                "Literal": {
                  "Value": "false"
                }
              }
            }
          }
        }
      ],
      "categoryLabels": [
        {
          "properties": {
            "bold": {
              "expr": {
                "Literal": {
                  "Value": "false"
                }
              }
            },
            "underline": {
              "expr": {
                "Literal": {
                  "Value": "false"
                }
              }
            },
            "color": {
              "solid": {
                "color": {
                  "expr": {
                    "Literal": {
                      "Value": "'#252423'"
                    }
                  }
                }
              }
            }
          }
        }
      ]
    },
    "visualContainerObjects": {
      "border": [
        {
          "properties": {
            "show": {
              "expr": {
                "Literal": {
                  "Value": "true"
                }
              }
            }
          }
        }
      ],
      "dropShadow": [
        {
          "properties": {
            "show": {
              "expr": {
                "Literal": {
                  "Value": "true"
                }
              }
            }
          }
        }
      ]
    },
    "drillFilterOtherVisuals": true
  },
  "filterConfig": {
    "filters": [
      {
        "name": "9b3ee049d0719c550c78",
        "field": {
          "Measure": {
            "Expression": {
              "SourceRef": {
                "Entity": "Analysis"
              }
            },
            "Property": "Average Monthly Installment"
          }
        },
        "type": "Advanced"
      }
    ]
  }
}