{
  "version": "1.1.0",
  "diagrams": [
    {
      "ordinal": 0,
      "scrollPosition": {
        "x": 3.2000000476837158,
        "y": 0
      },
      "nodes": [
        {
          "location": {
            "x": 577,
            "y": 169
          },
          "nodeIndex": "Customer_Details",
          "nodeLineageTag": "f94e01e1-0621-4cbb-afea-f92e13c7ef8b",
          "size": {
            "height": 300,
            "width": 234
          },
          "zIndex": 0
        },
        {
          "location": {
            "x": 303,
            "y": 0
          },
          "nodeIndex": "Loan_Details",
          "nodeLineageTag": "8073af4c-dd0c-4787-9f74-91379366832c",
          "size": {
            "height": 300,
            "width": 234
          },
          "zIndex": 0
        },
        {
          "location": {
            "x": 0,
            "y": 0
          },
          "nodeIndex": "Date",
          "nodeLineageTag": "d79553db-5d14-4d9a-a928-695f178171fa",
          "size": {
            "height": 200,
            "width": 234
          },
          "zIndex": 0
        },
        {
          "location": {
            "x": 870,
            "y": 57
          },
          "nodeIndex": "Analysis",
          "size": {
            "height": 200,
            "width": 234
          },
          "zIndex": 0
        }
      ],
      "name": "All tables",
      "zoomValue": 100,
      "pinKeyFieldsToTop": false,
      "showExtraHeaderInfo": false,
      "hideKeyFieldsWhenCollapsed": false,
      "tablesLocked": false
    }
  ],
  "selectedDiagram": "All tables",
  "defaultDiagram": "All tables"
}