{
  "$schema": "https://developer.microsoft.com/json-schemas/fabric/item/report/definition/visualContainer/2.2.0/schema.json",
  "name": "dddc928839e8bb31a83d",
  "position": {
    "x": 695.71416606643334,
    "y": 373.2431028995461,
    "z": 8000,
    "height": 42.538735992227679,
    "width": 149.5716846178328,
    "tabOrder": 7000
  },
  "visual": {
    "visualType": "textbox",
    "objects": {
      "general": [
        {
          "properties": {
            "paragraphs": [
              {
                "textRuns": [
                  {
                    "value": "Active Loans",
                    "textStyle": {
                      "fontWeight": "bold",
                      "fontSize": "16pt",
                      "color": "#000000"
                    }
                  }
                ]
              }
            ]
          }
        }
      ]
    },
    "visualContainerObjects": {
      "background": [
        {
          "properties": {
            "transparency": {
              "expr": {
                "Literal": {
                  "Value": "100D"
                }
              }
            }
          }
        }
      ]
    },
    "drillFilterOtherVisuals": true
  }
}