{
  "$schema": "https://developer.microsoft.com/json-schemas/fabric/item/report/definition/visualContainer/2.2.0/schema.json",
  "name": "3e4a7fc61380a0380a97",
  "position": {
    "x": 24.48253432484222,
    "y": 538.61575514652884,
    "z": 7000,
    "height": 151.215653182849,
    "width": 367.2380148726333,
    "tabOrder": 6000
  },
  "visual": {
    "visualType": "pivotTable",
    "query": {
      "queryState": {
        "Rows": {
          "projections": [
            {
              "field": {
                "Column": {
                  "Expression": {
                    "SourceRef": {
                      "Entity": "Customer_Details"
                    }
                  },
                  "Property": "Education_Level"
                }
              },
              "queryRef": "Customer_Details.Education_Level",
              "nativeQueryRef": "Education_Level",
              "active": true
            },
            {
              "field": {
                "Column": {
                  "Expression": {
                    "SourceRef": {
                      "Entity": "Customer_Details"
                    }
                  },
                  "Property": "Income Buckets"
                }
              },
              "queryRef": "Customer_Details.Income Buckets",
              "nativeQueryRef": "Income",
              "active": false,
              "displayName": "Income"
            }
          ]
        },
        "Values": {
          "projections": [
            {
              "field": {
                "Aggregation": {
                  "Expression": {
                    "Column": {
                      "Expression": {
                        "SourceRef": {
                          "Entity": "Loan_Details"
                        }
                      },
                      "Property": "Loan_ID"
                    }
                  },
                  "Function": 5
                }
              },
              "queryRef": "Min(Loan_Details.Loan_ID)",
              "nativeQueryRef": "Defaulted_Loans",
              "displayName": "Defaulted_Loans"
            },
            {
              "field": {
                "Aggregation": {
                  "Expression": {
                    "Column": {
                      "Expression": {
                        "SourceRef": {
                          "Entity": "Loan_Details"
                        }
                      },
                      "Property": "Loan_Amount"
                    }
                  },
                  "Function": 0
                }
              },
              "queryRef": "Sum(Loan_Details.Loan_Amount)",
              "nativeQueryRef": "Defaulted_Loan_Amount",
              "displayName": "Defaulted_Loan_Amount"
            }
          ]
        }
      }
    },
    "objects": {
      "grid": [
        {
          "properties": {
            "gridHorizontal": {
              "expr": {
                "Literal": {
                  "Value": "true"
                }
              }
            },
            "gridVertical": {
              "expr": {
                "Literal": {
                  "Value": "true"
                }
              }
            },
            "outlineColor": {
              "solid": {
                "color": {
                  "expr": {
                    "Literal": {
                      "Value": "'#252423'"
                    }
                  }
                }
              }
            },
            "gridVerticalColor": {
              "solid": {
                "color": {
                  "expr": {
                    "Literal": {
                      "Value": "'#252423'"
                    }
                  }
                }
              }
            }
          }
        }
      ],
      "columnHeaders": [
        {
          "properties": {
            "bold": {
              "expr": {
                "Literal": {
                  "Value": "false"
                }
              }
            },
            "backColor": {
              "solid": {
                "color": {
                  "expr": {
                    "ThemeDataColor": {
                      "ColorId": 1,
                      "Percent": 0
                    }
                  }
                }
              }
            },
            "fontColor": {
              "solid": {
                "color": {
                  "expr": {
                    "Literal": {
                      "Value": "'#FFFFFF'"
                    }
                  }
                }
              }
            }
          }
        }
      ],
      "rowTotal": [
        {
          "properties": {
            "fontColor": {
              "solid": {
                "color": {
                  "expr": {
                    "Literal": {
                      "Value": "'#FFFFFF'"
                    }
                  }
                }
              }
            },
            "bold": {
              "expr": {
                "Literal": {
                  "Value": "false"
                }
              }
            },
            "backColor": {
              "solid": {
                "color": {
                  "expr": {
                    "ThemeDataColor": {
                      "ColorId": 1,
                      "Percent": 0
                    }
                  }
                }
              }
            }
          }
        }
      ],
      "blankRows": [
        {
          "properties": {
            "showBlankRows": {
              "expr": {
                "Literal": {
                  "Value": "false"
                }
              }
            }
          }
        }
      ],
      "rowHeaders": [
        {
          "properties": {
            "fontColor": {
              "solid": {
                "color": {
                  "expr": {
                    "Literal": {
                      "Value": "'#252423'"
                    }
                  }
                }
              }
            },
            "backColor": {
              "solid": {
                "color": {
                  "expr": {
                    "ThemeDataColor": {
                      "ColorId": 2,
                      "Percent": 0.4
                    }
                  }
                }
              }
            }
          }
        }
      ],
      "values": [
        {
          "properties": {
            "fontColorSecondary": {
              "solid": {
                "color": {
                  "expr": {
                    "ThemeDataColor": {
                      "ColorId": 1,
                      "Percent": 0
                    }
                  }
                }
              }
            },
            "backColorPrimary": {
              "solid": {
                "color": {
                  "expr": {
                    "ThemeDataColor": {
                      "ColorId": 2,
                      "Percent": 0.4
                    }
                  }
                }
              }
            },
            "bandedRowHeaders": {
              "expr": {
                "Literal": {
                  "Value": "false"
                }
              }
            },
            "backColorSecondary": {
              "solid": {
                "color": {
                  "expr": {
                    "ThemeDataColor": {
                      "ColorId": 2,
                      "Percent": 0
                    }
                  }
                }
              }
            }
          }
        }
      ]
    },
    "visualContainerObjects": {
      "border": [
        {
          "properties": {
            "show": {
              "expr": {
                "Literal": {
                  "Value": "true"
                }
              }
            }
          }
        }
      ],
      "dropShadow": [
        {
          "properties": {
            "show": {
              "expr": {
                "Literal": {
                  "Value": "true"
                }
              }
            }
          }
        }
      ],
      "title": [
        {
          "properties": {
            "show": {
              "expr": {
                "Literal": {
                  "Value": "true"
                }
              }
            },
            "text": {
              "expr": {
                "Literal": {
                  "Value": "'Defaulted Loans & Amount'"
                }
              }
            },
            "bold": {
              "expr": {
                "Literal": {
                  "Value": "true"
                }
              }
            }
          }
        }
      ],
      "background": [
        {
          "properties": {
            "color": {
              "solid": {
                "color": {
                  "expr": {
                    "Literal": {
                      "Value": "'#FFFFFF'"
                    }
                  }
                }
              }
            }
          }
        }
      ]
    },
    "drillFilterOtherVisuals": true
  },
  "filterConfig": {
    "filters": [
      {
        "name": "0c7df5ce1a700dd0d508",
        "field": {
          "Column": {
            "Expression": {
              "SourceRef": {
                "Entity": "Loan_Details"
              }
            },
            "Property": "Status"
          }
        },
        "type": "Categorical",
        "filter": {
          "Version": 2,
          "From": [
            {
              "Name": "l",
              "Entity": "Loan_Details",
              "Type": 0
            }
          ],
          "Where": [
            {
              "Condition": {
                "In": {
                  "Expressions": [
                    {
                      "Column": {
                        "Expression": {
                          "SourceRef": {
                            "Source": "l"
                          }
                        },
                        "Property": "Status"
                      }
                    }
                  ],
                  "Values": [
                    [
                      {
                        "Literal": {
                          "Value": "'Defaulted'"
                        }
                      }
                    ]
                  ]
                }
              }
            }
          ]
        },
        "howCreated": "User"
      },
      {
        "name": "07f84b7be0ab700dadb0",
        "field": {
          "Column": {
            "Expression": {
              "SourceRef": {
                "Entity": "Customer_Details"
              }
            },
            "Property": "Income Buckets"
          }
        },
        "type": "Categorical"
      },
      {
        "name": "4d4e5eea1b464edcaa81",
        "field": {
          "Aggregation": {
            "Expression": {
              "Column": {
                "Expression": {
                  "SourceRef": {
                    "Entity": "Loan_Details"
                  }
                },
                "Property": "Loan_ID"
              }
            },
            "Function": 5
          }
        },
        "type": "Advanced"
      },
      {
        "name": "82a139b30c833897059b",
        "field": {
          "Aggregation": {
            "Expression": {
              "Column": {
                "Expression": {
                  "SourceRef": {
                    "Entity": "Loan_Details"
                  }
                },
                "Property": "Loan_Amount"
              }
            },
            "Function": 0
          }
        },
        "type": "Advanced"
      },
      {
        "name": "f992cb23940710588eb4",
        "field": {
          "Column": {
            "Expression": {
              "SourceRef": {
                "Entity": "Customer_Details"
              }
            },
            "Property": "Education_Level"
          }
        },
        "type": "Categorical"
      }
    ]
  }
}