{
  "$schema": "https://developer.microsoft.com/json-schemas/fabric/item/report/definition/visualContainer/2.2.0/schema.json",
  "name": "478dd8c44983dd007d0c",
  "position": {
    "x": 28.816563091509071,
    "y": 187.99376873984491,
    "z": 3000,
    "height": 485.76492068543865,
    "width": 499.48709358615724,
    "tabOrder": 2000
  },
  "visual": {
    "visualType": "hundredPercentStackedColumnChart",
    "query": {
      "queryState": {
        "Category": {
          "projections": [
            {
              "field": {
                "Column": {
                  "Expression": {
                    "SourceRef": {
                      "Entity": "Loan_Details"
                    }
                  },
                  "Property": "Loan_Type"
                }
              },
              "queryRef": "Loan_Details.Loan_Type",
              "nativeQueryRef": "Loan_Type",
              "active": true,
              "displayName": "Loan_Type"
            }
          ]
        },
        "Series": {
          "projections": [
            {
              "field": {
                "Column": {
                  "Expression": {
                    "SourceRef": {
                      "Entity": "Loan_Details"
                    }
                  },
                  "Property": "Status"
                }
              },
              "queryRef": "Loan_Details.Status",
              "nativeQueryRef": "Status"
            }
          ]
        },
        "Y": {
          "projections": [
            {
              "field": {
                "Arithmetic": {
                  "Left": {
                    "Aggregation": {
                      "Expression": {
                        "Column": {
                          "Expression": {
                            "SourceRef": {
                              "Entity": "Loan_Details"
                            }
                          },
                          "Property": "Customer_ID"
                        }
                      },
                      "Function": 5
                    }
                  },
                  "Right": {
                    "ScopedEval": {
                      "Expression": {
                        "Aggregation": {
                          "Expression": {
                            "Column": {
                              "Expression": {
                                "SourceRef": {
                                  "Entity": "Loan_Details"
                                }
                              },
                              "Property": "Customer_ID"
                            }
                          },
                          "Function": 5
                        }
                      },
                      "Scope": []
                    }
                  },
                  "Operator": 3
                }
              },
              "queryRef": "Divide(CountNonNull(Loan_Details.Customer_ID), ScopedEval(CountNonNull(Loan_Details.Customer_ID), []))",
              "nativeQueryRef": "Loan_ID",
              "displayName": "Loan_ID"
            }
          ]
        }
      },
      "sortDefinition": {
        "sort": [
          {
            "field": {
              "Arithmetic": {
                "Left": {
                  "Aggregation": {
                    "Expression": {
                      "Column": {
                        "Expression": {
                          "SourceRef": {
                            "Entity": "Loan_Details"
                          }
                        },
                        "Property": "Customer_ID"
                      }
                    },
                    "Function": 5
                  }
                },
                "Right": {
                  "ScopedEval": {
                    "Expression": {
                      "Aggregation": {
                        "Expression": {
                          "Column": {
                            "Expression": {
                              "SourceRef": {
                                "Entity": "Loan_Details"
                              }
                            },
                            "Property": "Customer_ID"
                          }
                        },
                        "Function": 5
                      }
                    },
                    "Scope": []
                  }
                },
                "Operator": 3
              }
            },
            "direction": "Descending"
          }
        ],
        "isDefaultSort": true
      }
    },
    "objects": {
      "dataPoint": [
        {
          "properties": {
            "fill": {
              "solid": {
                "color": {
                  "expr": {
                    "ThemeDataColor": {
                      "ColorId": 8,
                      "Percent": 0
                    }
                  }
                }
              }
            }
          },
          "selector": {
            "data": [
              {
                "scopeId": {
                  "Comparison": {
                    "ComparisonKind": 0,
                    "Left": {
                      "Column": {
                        "Expression": {
                          "SourceRef": {
                            "Entity": "Loan_Details"
                          }
                        },
                        "Property": "Status"
                      }
                    },
                    "Right": {
                      "Literal": {
                        "Value": "'Active'"
                      }
                    }
                  }
                }
              }
            ]
          }
        },
        {
          "properties": {
            "fill": {
              "solid": {
                "color": {
                  "expr": {
                    "Literal": {
                      "Value": "'#109E10'"
                    }
                  }
                }
              }
            }
          },
          "selector": {
            "data": [
              {
                "scopeId": {
                  "Comparison": {
                    "ComparisonKind": 0,
                    "Left": {
                      "Column": {
                        "Expression": {
                          "SourceRef": {
                            "Entity": "Loan_Details"
                          }
                        },
                        "Property": "Status"
                      }
                    },
                    "Right": {
                      "Literal": {
                        "Value": "'Closed'"
                      }
                    }
                  }
                }
              }
            ]
          }
        },
        {
          "properties": {
            "fill": {
              "solid": {
                "color": {
                  "expr": {
                    "Literal": {
                      "Value": "'#FF2B0F'"
                    }
                  }
                }
              }
            },
            "fillTransparency": {
              "expr": {
                "Literal": {
                  "Value": "0D"
                }
              }
            }
          },
          "selector": {
            "data": [
              {
                "scopeId": {
                  "Comparison": {
                    "ComparisonKind": 0,
                    "Left": {
                      "Column": {
                        "Expression": {
                          "SourceRef": {
                            "Entity": "Loan_Details"
                          }
                        },
                        "Property": "Status"
                      }
                    },
                    "Right": {
                      "Literal": {
                        "Value": "'Defaulted'"
                      }
                    }
                  }
                }
              }
            ]
          }
        }
      ],
      "labels": [
        {
          "properties": {
            "show": {
              "expr": {
                "Literal": {
                  "Value": "true"
                }
              }
            }
          }
        }
      ]
    },
    "visualContainerObjects": {
      "border": [
        {
          "properties": {
            "show": {
              "expr": {
                "Literal": {
                  "Value": "true"
                }
              }
            }
          }
        }
      ],
      "dropShadow": [
        {
          "properties": {
            "show": {
              "expr": {
                "Literal": {
                  "Value": "true"
                }
              }
            }
          }
        }
      ],
      "title": [
        {
          "properties": {
            "text": {
              "expr": {
                "Literal": {
                  "Value": "'Loans split by Type and Status'"
                }
              }
            }
          }
        }
      ]
    },
    "drillFilterOtherVisuals": true
  },
  "filterConfig": {
    "filters": [
      {
        "name": "aef324aabca6957494a9",
        "field": {
          "Aggregation": {
            "Expression": {
              "Column": {
                "Expression": {
                  "SourceRef": {
                    "Entity": "Loan_Details"
                  }
                },
                "Property": "Customer_ID"
              }
            },
            "Function": 5
          }
        },
        "type": "Advanced",
        "howCreated": "User"
      },
      {
        "name": "54e8514b13860cd914a1",
        "field": {
          "Column": {
            "Expression": {
              "SourceRef": {
                "Entity": "Loan_Details"
              }
            },
            "Property": "Loan_Type"
          }
        },
        "type": "Categorical"
      },
      {
        "name": "c0f9deef3c3400141b68",
        "field": {
          "Column": {
            "Expression": {
              "SourceRef": {
                "Entity": "Loan_Details"
              }
            },
            "Property": "Status"
          }
        },
        "type": "Categorical"
      },
      {
        "name": "db6597e5a40493e7b232",
        "field": {
          "Arithmetic": {
            "Left": {
              "Aggregation": {
                "Expression": {
                  "Column": {
                    "Expression": {
                      "SourceRef": {
                        "Entity": "Loan_Details"
                      }
                    },
                    "Property": "Customer_ID"
                  }
                },
                "Function": 5
              }
            },
            "Right": {
              "ScopedEval": {
                "Expression": {
                  "Aggregation": {
                    "Expression": {
                      "Column": {
                        "Expression": {
                          "SourceRef": {
                            "Entity": "Loan_Details"
                          }
                        },
                        "Property": "Customer_ID"
                      }
                    },
                    "Function": 5
                  }
                },
                "Scope": []
              }
            },
            "Operator": 3
          }
        },
        "type": "Advanced"
      }
    ]
  }
}