{
  "$schema": "https://developer.microsoft.com/json-schemas/fabric/item/report/definition/visualContainer/2.2.0/schema.json",
  "name": "a780cdb830ce9058513b",
  "position": {
    "x": 499.48709358615724,
    "y": 0,
    "z": 0,
    "height": 56.260908892946283,
    "width": 279.93232717465958
  },
  "visual": {
    "visualType": "textbox",
    "objects": {
      "general": [
        {
          "properties": {
            "paragraphs": [
              {
                "textRuns": [
                  {
                    "value": "Funnel Chart",
                    "textStyle": {
                      "fontWeight": "bold",
                      "fontFamily": "Nunito",
                      "fontSize": "20pt",
                      "color": "#6b007b"
                    }
                  }
                ],
                "horizontalTextAlignment": "center"
              }
            ]
          }
        }
      ]
    },
    "drillFilterOtherVisuals": true
  }
}