{
  "$schema": "https://developer.microsoft.com/json-schemas/fabric/item/report/definition/visualContainer/2.2.0/schema.json",
  "name": "d60101ef7431ae850da3",
  "position": {
    "x": 403.431883281127,
    "y": 0,
    "z": 10000,
    "height": 53.516474312802565,
    "width": 447.34283656342654,
    "tabOrder": 9000
  },
  "visual": {
    "visualType": "textbox",
    "objects": {
      "general": [
        {
          "properties": {
            "paragraphs": [
              {
                "textRuns": [
                  {
                    "value": "Loan Portfolio &  Performance",
                    "textStyle": {
                      "fontWeight": "bold",
                      "fontSize": "20pt",
                      "textDecoration": "underline"
                    }
                  }
                ],
                "horizontalTextAlignment": "center"
              }
            ]
          }
        }
      ]
    },
    "visualContainerObjects": {
      "background": [
        {
          "properties": {
            "transparency": {
              "expr": {
                "Literal": {
                  "Value": "100D"
                }
              }
            }
          }
        }
      ]
    },
    "drillFilterOtherVisuals": true
  }
}