{
  "$schema": "https://developer.microsoft.com/json-schemas/fabric/item/report/definition/visualContainer/2.2.0/schema.json",
  "name": "caa8d5c21b744c34372b",
  "position": {
    "x": 17.838824770934188,
    "y": 259.34906782358166,
    "z": 3,
    "height": 236.02137389236003,
    "width": 396.57079683076773,
    "tabOrder": 3
  },
  "visual": {
    "visualType": "decompositionTreeVisual",
    "query": {
      "queryState": {
        "Analyze": {
          "projections": [
            {
              "field": {
                "Aggregation": {
                  "Expression": {
                    "Column": {
                      "Expression": {
                        "SourceRef": {
                          "Entity": "Sales_Transactions"
                        }
                      },
                      "Property": "Profit/Loss"
                    }
                  },
                  "Function": 0
                }
              },
              "queryRef": "Sum(Sales_Transactions.Profit/Loss)",
              "nativeQueryRef": "Sum of Profit/Loss"
            }
          ]
        },
        "ExplainBy": {
          "projections": [
            {
              "field": {
                "Column": {
                  "Expression": {
                    "SourceRef": {
                      "Entity": "Customer_Info"
                    }
                  },
                  "Property": "State"
                }
              },
              "queryRef": "Customer_Info.State",
              "nativeQueryRef": "State",
              "active": true
            },
            {
              "field": {
                "Column": {
                  "Expression": {
                    "SourceRef": {
                      "Entity": "Customer_Info"
                    }
                  },
                  "Property": "Country"
                }
              },
              "queryRef": "Customer_Info.Country",
              "nativeQueryRef": "Country",
              "active": true
            },
            {
              "field": {
                "Column": {
                  "Expression": {
                    "SourceRef": {
                      "Entity": "Sales_Transactions"
                    }
                  },
                  "Property": "Sales Channel"
                }
              },
              "queryRef": "Sales_Transactions.Sales Channel",
              "nativeQueryRef": "Sales Channel",
              "active": true
            },
            {
              "field": {
                "Column": {
                  "Expression": {
                    "SourceRef": {
                      "Entity": "Sales_Transactions"
                    }
                  },
                  "Property": "Product Category"
                }
              },
              "queryRef": "Sales_Transactions.Product Category",
              "nativeQueryRef": "Product Category",
              "active": true
            },
            {
              "field": {
                "Column": {
                  "Expression": {
                    "SourceRef": {
                      "Entity": "Sales_Transactions"
                    }
                  },
                  "Property": "Campaign Source"
                }
              },
              "queryRef": "Sales_Transactions.Campaign Source",
              "nativeQueryRef": "Campaign Source",
              "active": true
            }
          ]
        }
      },
      "sortDefinition": {
        "sort": [
          {
            "field": {
              "Aggregation": {
                "Expression": {
                  "Column": {
                    "Expression": {
                      "SourceRef": {
                        "Entity": "Sales_Transactions"
                      }
                    },
                    "Property": "Profit/Loss"
                  }
                },
                "Function": 0
              }
            },
            "direction": "Descending"
          }
        ],
        "isDefaultSort": true
      }
    },
    "expansionStates": [
      {
        "roles": [
          "ExplainBy"
        ],
        "levels": [
          {
            "queryRefs": [
              "Customer_Info.State"
            ],
            "isCollapsed": true,
            "identityKeys": [
              {
                "Column": {
                  "Expression": {
                    "SourceRef": {
                      "Entity": "Customer_Info"
                    }
                  },
                  "Property": "State"
                }
              }
            ],
            "isPinned": true,
            "AIInformation": {
              "method": "MaxSplit"
            }
          },
          {
            "queryRefs": [
              "Customer_Info.Country"
            ],
            "isCollapsed": true,
            "identityKeys": [
              {
                "Column": {
                  "Expression": {
                    "SourceRef": {
                      "Entity": "Customer_Info"
                    }
                  },
                  "Property": "Country"
                }
              }
            ],
            "isPinned": true,
            "AIInformation": {
              "method": "MaxSplit"
            }
          },
          {
            "queryRefs": [
              "Sales_Transactions.Sales Channel"
            ],
            "isCollapsed": true,
            "identityKeys": [
              {
                "Column": {
                  "Expression": {
                    "SourceRef": {
                      "Entity": "Sales_Transactions"
                    }
                  },
                  "Property": "Sales Channel"
                }
              }
            ],
            "isPinned": true,
            "AIInformation": {
              "method": "MaxSplit"
            }
          },
          {
            "queryRefs": [
              "Sales_Transactions.Product Category"
            ],
            "isCollapsed": true,
            "identityKeys": [
              {
                "Column": {
                  "Expression": {
                    "SourceRef": {
                      "Entity": "Sales_Transactions"
                    }
                  },
                  "Property": "Product Category"
                }
              }
            ],
            "isPinned": true,
            "AIInformation": {
              "method": "MaxSplit"
            }
          },
          {
            "queryRefs": [
              "Sales_Transactions.Campaign Source"
            ],
            "isCollapsed": true,
            "isPinned": true,
            "AIInformation": {
              "method": "MaxSplit"
            }
          }
        ],
        "root": {
          "children": [
            {
              "identityValues": [
                {
                  "Literal": {
                    "Value": "'British Columbia'"
                  }
                }
              ],
              "isToggled": true,
              "children": [
                {
                  "identityValues": [
                    {
                      "Literal": {
                        "Value": "'Canada'"
                      }
                    }
                  ],
                  "isToggled": true,
                  "children": [
                    {
                      "identityValues": [
                        {
                          "Literal": {
                            "Value": "'Online'"
                          }
                        }
                      ],
                      "isToggled": true,
                      "children": [
                        {
                          "identityValues": [
                            {
                              "Literal": {
                                "Value": "'Audio'"
                              }
                            }
                          ],
                          "isToggled": true
                        }
                      ]
                    }
                  ]
                }
              ]
            }
          ]
        }
      }
    ],
    "objects": {
      "tree": [
        {
          "properties": {
            "effectiveBarsPerLevel": {
              "expr": {
                "Literal": {
                  "Value": "3L"
                }
              }
            }
          }
        }
      ],
      "insights": [
        {
          "properties": {
            "isAINode": {
              "expr": {
                "Literal": {
                  "Value": "true"
                }
              }
            }
          },
          "selector": {
            "data": [
              {
                "scopeId": {
                  "Comparison": {
                    "ComparisonKind": 0,
                    "Left": {
                      "Column": {
                        "Expression": {
                          "SourceRef": {
                            "Entity": "Customer_Info"
                          }
                        },
                        "Property": "State"
                      }
                    },
                    "Right": {
                      "Literal": {
                        "Value": "'British Columbia'"
                      }
                    }
                  }
                }
              }
            ]
          }
        },
        {
          "properties": {
            "isAINode": {
              "expr": {
                "Literal": {
                  "Value": "true"
                }
              }
            }
          },
          "selector": {
            "data": [
              {
                "scopeId": {
                  "Comparison": {
                    "ComparisonKind": 0,
                    "Left": {
                      "Column": {
                        "Expression": {
                          "SourceRef": {
                            "Entity": "Customer_Info"
                          }
                        },
                        "Property": "State"
                      }
                    },
                    "Right": {
                      "Literal": {
                        "Value": "'British Columbia'"
                      }
                    }
                  }
                }
              },
              {
                "scopeId": {
                  "Comparison": {
                    "ComparisonKind": 0,
                    "Left": {
                      "Column": {
                        "Expression": {
                          "SourceRef": {
                            "Entity": "Customer_Info"
                          }
                        },
                        "Property": "Country"
                      }
                    },
                    "Right": {
                      "Literal": {
                        "Value": "'Canada'"
                      }
                    }
                  }
                }
              }
            ]
          }
        },
        {
          "properties": {
            "isAINode": {
              "expr": {
                "Literal": {
                  "Value": "true"
                }
              }
            }
          },
          "selector": {
            "data": [
              {
                "scopeId": {
                  "Comparison": {
                    "ComparisonKind": 0,
                    "Left": {
                      "Column": {
                        "Expression": {
                          "SourceRef": {
                            "Entity": "Customer_Info"
                          }
                        },
                        "Property": "State"
                      }
                    },
                    "Right": {
                      "Literal": {
                        "Value": "'British Columbia'"
                      }
                    }
                  }
                }
              },
              {
                "scopeId": {
                  "Comparison": {
                    "ComparisonKind": 0,
                    "Left": {
                      "Column": {
                        "Expression": {
                          "SourceRef": {
                            "Entity": "Customer_Info"
                          }
                        },
                        "Property": "Country"
                      }
                    },
                    "Right": {
                      "Literal": {
                        "Value": "'Canada'"
                      }
                    }
                  }
                }
              },
              {
                "scopeId": {
                  "Comparison": {
                    "ComparisonKind": 0,
                    "Left": {
                      "Column": {
                        "Expression": {
                          "SourceRef": {
                            "Entity": "Sales_Transactions"
                          }
                        },
                        "Property": "Sales Channel"
                      }
                    },
                    "Right": {
                      "Literal": {
                        "Value": "'Online'"
                      }
                    }
                  }
                }
              }
            ]
          }
        },
        {
          "properties": {
            "isAINode": {
              "expr": {
                "Literal": {
                  "Value": "true"
                }
              }
            }
          },
          "selector": {
            "data": [
              {
                "scopeId": {
                  "Comparison": {
                    "ComparisonKind": 0,
                    "Left": {
                      "Column": {
                        "Expression": {
                          "SourceRef": {
                            "Entity": "Customer_Info"
                          }
                        },
                        "Property": "State"
                      }
                    },
                    "Right": {
                      "Literal": {
                        "Value": "'British Columbia'"
                      }
                    }
                  }
                }
              },
              {
                "scopeId": {
                  "Comparison": {
                    "ComparisonKind": 0,
                    "Left": {
                      "Column": {
                        "Expression": {
                          "SourceRef": {
                            "Entity": "Customer_Info"
                          }
                        },
                        "Property": "Country"
                      }
                    },
                    "Right": {
                      "Literal": {
                        "Value": "'Canada'"
                      }
                    }
                  }
                }
              },
              {
                "scopeId": {
                  "Comparison": {
                    "ComparisonKind": 0,
                    "Left": {
                      "Column": {
                        "Expression": {
                          "SourceRef": {
                            "Entity": "Sales_Transactions"
                          }
                        },
                        "Property": "Sales Channel"
                      }
                    },
                    "Right": {
                      "Literal": {
                        "Value": "'Online'"
                      }
                    }
                  }
                }
              },
              {
                "scopeId": {
                  "Comparison": {
                    "ComparisonKind": 0,
                    "Left": {
                      "Column": {
                        "Expression": {
                          "SourceRef": {
                            "Entity": "Sales_Transactions"
                          }
                        },
                        "Property": "Product Category"
                      }
                    },
                    "Right": {
                      "Literal": {
                        "Value": "'Audio'"
                      }
                    }
                  }
                }
              }
            ]
          }
        },
        {
          "properties": {
            "isAINode": {
              "expr": {
                "Literal": {
                  "Value": "true"
                }
              }
            }
          },
          "selector": {
            "data": [
              {
                "scopeId": {
                  "Comparison": {
                    "ComparisonKind": 0,
                    "Left": {
                      "Column": {
                        "Expression": {
                          "SourceRef": {
                            "Entity": "Customer_Info"
                          }
                        },
                        "Property": "State"
                      }
                    },
                    "Right": {
                      "Literal": {
                        "Value": "'British Columbia'"
                      }
                    }
                  }
                }
              },
              {
                "scopeId": {
                  "Comparison": {
                    "ComparisonKind": 0,
                    "Left": {
                      "Column": {
                        "Expression": {
                          "SourceRef": {
                            "Entity": "Customer_Info"
                          }
                        },
                        "Property": "Country"
                      }
                    },
                    "Right": {
                      "Literal": {
                        "Value": "'Canada'"
                      }
                    }
                  }
                }
              },
              {
                "scopeId": {
                  "Comparison": {
                    "ComparisonKind": 0,
                    "Left": {
                      "Column": {
                        "Expression": {
                          "SourceRef": {
                            "Entity": "Sales_Transactions"
                          }
                        },
                        "Property": "Sales Channel"
                      }
                    },
                    "Right": {
                      "Literal": {
                        "Value": "'Online'"
                      }
                    }
                  }
                }
              },
              {
                "scopeId": {
                  "Comparison": {
                    "ComparisonKind": 0,
                    "Left": {
                      "Column": {
                        "Expression": {
                          "SourceRef": {
                            "Entity": "Sales_Transactions"
                          }
                        },
                        "Property": "Product Category"
                      }
                    },
                    "Right": {
                      "Literal": {
                        "Value": "'Audio'"
                      }
                    }
                  }
                }
              },
              {
                "scopeId": {
                  "Comparison": {
                    "ComparisonKind": 0,
                    "Left": {
                      "Column": {
                        "Expression": {
                          "SourceRef": {
                            "Entity": "Sales_Transactions"
                          }
                        },
                        "Property": "Campaign Source"
                      }
                    },
                    "Right": {
                      "Literal": {
                        "Value": "'Social Media'"
                      }
                    }
                  }
                }
              }
            ]
          }
        }
      ]
    },
    "visualContainerObjects": {
      "border": [
        {
          "properties": {
            "show": {
              "expr": {
                "Literal": {
                  "Value": "true"
                }
              }
            }
          }
        }
      ]
    },
    "drillFilterOtherVisuals": true
  },
  "filterConfig": {
    "filters": [
      {
        "name": "ddf478b0e62dc80578c1",
        "field": {
          "Aggregation": {
            "Expression": {
              "Column": {
                "Expression": {
                  "SourceRef": {
                    "Entity": "Sales_Transactions"
                  }
                },
                "Property": "Profit/Loss"
              }
            },
            "Function": 0
          }
        },
        "type": "Advanced"
      },
      {
        "name": "636ac7669ad0d1a1c404",
        "field": {
          "Column": {
            "Expression": {
              "SourceRef": {
                "Entity": "Sales_Transactions"
              }
            },
            "Property": "Product Category"
          }
        },
        "type": "Categorical"
      },
      {
        "name": "cbfc304cd8b780039430",
        "field": {
          "Column": {
            "Expression": {
              "SourceRef": {
                "Entity": "Sales_Transactions"
              }
            },
            "Property": "Sales Channel"
          }
        },
        "type": "Categorical"
      },
      {
        "name": "e7a7cdc0674a610d50a3",
        "field": {
          "Column": {
            "Expression": {
              "SourceRef": {
                "Entity": "Customer_Info"
              }
            },
            "Property": "Country"
          }
        },
        "type": "Categorical"
      },
      {
        "name": "84fb0410c0e5e81e1ea9",
        "field": {
          "Column": {
            "Expression": {
              "SourceRef": {
                "Entity": "Customer_Info"
              }
            },
            "Property": "State"
          }
        },
        "type": "Categorical"
      },
      {
        "name": "1d48cafa709d1874ed36",
        "field": {
          "Column": {
            "Expression": {
              "SourceRef": {
                "Entity": "Sales_Transactions"
              }
            },
            "Property": "Campaign Source"
          }
        },
        "type": "Categorical"
      }
    ]
  }
}