{
  "$schema": "https://developer.microsoft.com/json-schemas/fabric/item/report/definition/visualContainer/2.2.0/schema.json",
  "name": "0c7b5287045c8c0ee20d",
  "position": {
    "x": 865.86911003534408,
    "y": 259.34906782358166,
    "z": 5,
    "height": 236.02137389236003,
    "width": 402.05966599105517,
    "tabOrder": 5
  },
  "visual": {
    "visualType": "waterfallChart",
    "query": {
      "queryState": {
        "Category": {
          "projections": [
            {
              "field": {
                "Column": {
                  "Expression": {
                    "SourceRef": {
                      "Entity": "Sales_Transactions"
                    }
                  },
                  "Property": "Product Category"
                }
              },
              "queryRef": "Sales_Transactions.Product Category",
              "nativeQueryRef": "Product Category",
              "active": true
            }
          ]
        },
        "Y": {
          "projections": [
            {
              "field": {
                "Aggregation": {
                  "Expression": {
                    "Column": {
                      "Expression": {
                        "SourceRef": {
                          "Entity": "Sales_Transactions"
                        }
                      },
                      "Property": "Profit/Loss"
                    }
                  },
                  "Function": 0
                }
              },
              "queryRef": "Sum(Sales_Transactions.Profit/Loss)",
              "nativeQueryRef": "Sum of Profit/Loss"
            }
          ]
        }
      },
      "sortDefinition": {
        "sort": [
          {
            "field": {
              "Aggregation": {
                "Expression": {
                  "Column": {
                    "Expression": {
                      "SourceRef": {
                        "Entity": "Sales_Transactions"
                      }
                    },
                    "Property": "Profit/Loss"
                  }
                },
                "Function": 0
              }
            },
            "direction": "Descending"
          }
        ],
        "isDefaultSort": true
      }
    },
    "visualContainerObjects": {
      "title": [
        {
          "properties": {
            "text": {
              "expr": {
                "Literal": {
                  "Value": "'Profit/Loss by Product Category'"
                }
              }
            }
          }
        }
      ],
      "border": [
        {
          "properties": {
            "show": {
              "expr": {
                "Literal": {
                  "Value": "true"
                }
              }
            }
          }
        }
      ]
    },
    "drillFilterOtherVisuals": true
  },
  "filterConfig": {
    "filters": [
      {
        "name": "d261164b8a40cc6941dc",
        "field": {
          "Column": {
            "Expression": {
              "SourceRef": {
                "Entity": "Sales_Transactions"
              }
            },
            "Property": "Product Category"
          }
        },
        "type": "Categorical"
      },
      {
        "name": "7ace4e0f5eea5622c318",
        "field": {
          "Aggregation": {
            "Expression": {
              "Column": {
                "Expression": {
                  "SourceRef": {
                    "Entity": "Sales_Transactions"
                  }
                },
                "Property": "Profit/Loss"
              }
            },
            "Function": 0
          }
        },
        "type": "Advanced"
      }
    ]
  }
}