{
  "$schema": "https://developer.microsoft.com/json-schemas/fabric/item/report/definition/visualContainer/2.2.0/schema.json",
  "name": "28c42b75859ee098e7c6",
  "position": {
    "x": 408.92075244141444,
    "y": 13.722172900718606,
    "z": 7000,
    "height": 53.516474312802565,
    "width": 461.06500946414513,
    "tabOrder": 6000
  },
  "visual": {
    "visualType": "textbox",
    "objects": {
      "general": [
        {
          "properties": {
            "paragraphs": [
              {
                "textRuns": [
                  {
                    "value": "Customer Demographics",
                    "textStyle": {
                      "fontWeight": "bold",
                      "fontSize": "20pt",
                      "textDecoration": "underline"
                    }
                  }
                ],
                "horizontalTextAlignment": "center"
              }
            ]
          }
        }
      ]
    },
    "visualContainerObjects": {
      "background": [
        {
          "properties": {
            "transparency": {
              "expr": {
                "Literal": {
                  "Value": "100D"
                }
              }
            }
          }
        }
      ]
    },
    "drillFilterOtherVisuals": true
  }
}