{
  "$schema": "https://developer.microsoft.com/json-schemas/fabric/item/report/definition/visualContainer/2.2.0/schema.json",
  "name": "286f862e756a06815292",
  "position": {
    "x": 12.349955610646745,
    "y": 97.4274275951021,
    "z": 1,
    "height": 622.98664969262472,
    "width": 1254.2066031256807,
    "tabOrder": 1
  },
  "visual": {
    "visualType": "map",
    "query": {
      "queryState": {
        "Category": {
          "projections": [
            {
              "field": {
                "Column": {
                  "Expression": {
                    "SourceRef": {
                      "Entity": "Customer_Info"
                    }
                  },
                  "Property": "State"
                }
              },
              "queryRef": "Customer_Info.State",
              "nativeQueryRef": "State",
              "active": true
            }
          ]
        },
        "Series": {
          "projections": [
            {
              "field": {
                "Column": {
                  "Expression": {
                    "SourceRef": {
                      "Entity": "Customer_Info"
                    }
                  },
                  "Property": "Country"
                }
              },
              "queryRef": "Customer_Info.Country",
              "nativeQueryRef": "Country"
            }
          ]
        },
        "Size": {
          "projections": [
            {
              "field": {
                "Aggregation": {
                  "Expression": {
                    "Column": {
                      "Expression": {
                        "SourceRef": {
                          "Entity": "Sales_Transactions"
                        }
                      },
                      "Property": "Sale Price"
                    }
                  },
                  "Function": 0
                }
              },
              "queryRef": "Sum(Sales_Transactions.Sale Price)",
              "nativeQueryRef": "Sum of Sale Price"
            }
          ]
        },
        "Tooltips": {
          "projections": [
            {
              "field": {
                "Aggregation": {
                  "Expression": {
                    "Column": {
                      "Expression": {
                        "SourceRef": {
                          "Entity": "Sales_Transactions"
                        }
                      },
                      "Property": "Units Sold"
                    }
                  },
                  "Function": 0
                }
              },
              "queryRef": "Sum(Sales_Transactions.Units Sold)",
              "nativeQueryRef": "Sum of Units Sold"
            }
          ]
        }
      }
    },
    "visualContainerObjects": {
      "border": [
        {
          "properties": {
            "show": {
              "expr": {
                "Literal": {
                  "Value": "true"
                }
              }
            }
          }
        }
      ],
      "title": [
        {
          "properties": {
            "text": {
              "expr": {
                "Literal": {
                  "Value": "'Sales across Countries'"
                }
              }
            }
          }
        }
      ]
    },
    "drillFilterOtherVisuals": true
  },
  "filterConfig": {
    "filters": [
      {
        "name": "6e201716bc183907374c",
        "field": {
          "Column": {
            "Expression": {
              "SourceRef": {
                "Entity": "Customer_Info"
              }
            },
            "Property": "State"
          }
        },
        "type": "Categorical"
      },
      {
        "name": "84e139a9100aa3889e10",
        "field": {
          "Column": {
            "Expression": {
              "SourceRef": {
                "Entity": "Customer_Info"
              }
            },
            "Property": "Country"
          }
        },
        "type": "Categorical"
      },
      {
        "name": "9ca0ee862b12a767347a",
        "field": {
          "Aggregation": {
            "Expression": {
              "Column": {
                "Expression": {
                  "SourceRef": {
                    "Entity": "Sales_Transactions"
                  }
                },
                "Property": "Sale Price"
              }
            },
            "Function": 0
          }
        },
        "type": "Advanced"
      },
      {
        "name": "46dc6a14972300600ba8",
        "field": {
          "Aggregation": {
            "Expression": {
              "Column": {
                "Expression": {
                  "SourceRef": {
                    "Entity": "Sales_Transactions"
                  }
                },
                "Property": "Units Sold"
              }
            },
            "Function": 0
          }
        },
        "type": "Advanced"
      }
    ]
  }
}