{
  "$schema": "https://developer.microsoft.com/json-schemas/fabric/item/report/definition/visualContainer/2.2.0/schema.json",
  "name": "1190a781ebe883e38e4c",
  "position": {
    "x": 430.87622908256424,
    "y": 259.34906782358166,
    "z": 4,
    "height": 236.02137389236003,
    "width": 425.3873599222768,
    "tabOrder": 4
  },
  "visual": {
    "visualType": "ribbonChart",
    "query": {
      "queryState": {
        "Category": {
          "projections": [
            {
              "field": {
                "HierarchyLevel": {
                  "Expression": {
                    "Hierarchy": {
                      "Expression": {
                        "PropertyVariationSource": {
                          "Expression": {
                            "SourceRef": {
                              "Entity": "Sales_Transactions"
                            }
                          },
                          "Name": "Variation",
                          "Property": "Date"
                        }
                      },
                      "Hierarchy": "Date Hierarchy"
                    }
                  },
                  "Level": "Year"
                }
              },
              "queryRef": "Sales_Transactions.Date.Variation.Date Hierarchy.Year",
              "nativeQueryRef": "Date Year",
              "active": true
            },
            {
              "field": {
                "HierarchyLevel": {
                  "Expression": {
                    "Hierarchy": {
                      "Expression": {
                        "PropertyVariationSource": {
                          "Expression": {
                            "SourceRef": {
                              "Entity": "Sales_Transactions"
                            }
                          },
                          "Name": "Variation",
                          "Property": "Date"
                        }
                      },
                      "Hierarchy": "Date Hierarchy"
                    }
                  },
                  "Level": "Quarter"
                }
              },
              "queryRef": "Sales_Transactions.Date.Variation.Date Hierarchy.Quarter",
              "nativeQueryRef": "Date Quarter",
              "active": true
            }
          ]
        },
        "Rows": {
          "projections": [
            {
              "field": {
                "Column": {
                  "Expression": {
                    "SourceRef": {
                      "Entity": "Sales_Transactions"
                    }
                  },
                  "Property": "Return Flag"
                }
              },
              "queryRef": "Sales_Transactions.Return Flag",
              "nativeQueryRef": "Return Flag"
            }
          ]
        },
        "Series": {
          "projections": [
            {
              "field": {
                "Column": {
                  "Expression": {
                    "SourceRef": {
                      "Entity": "Sales_Transactions"
                    }
                  },
                  "Property": "Product Category"
                }
              },
              "queryRef": "Sales_Transactions.Product Category",
              "nativeQueryRef": "Product Category"
            }
          ]
        },
        "Y": {
          "projections": [
            {
              "field": {
                "Aggregation": {
                  "Expression": {
                    "Column": {
                      "Expression": {
                        "SourceRef": {
                          "Entity": "Sales_Transactions"
                        }
                      },
                      "Property": "Sale Price"
                    }
                  },
                  "Function": 0
                }
              },
              "queryRef": "Sum(Sales_Transactions.Sale Price)",
              "nativeQueryRef": "Sum of Sale Price"
            }
          ]
        }
      }
    },
    "objects": {
      "valueAxis": [
        {
          "properties": {
            "labelDisplayUnits": {
              "expr": {
                "Literal": {
                  "Value": "1000D"
                }
              }
            }
          }
        }
      ],
      "smallMultiplesLayout": [
        {
          "properties": {
            "columnCount": {
              "expr": {
                "Literal": {
                  "Value": "1L"
                }
              }
            },
            "rowCount": {
              "expr": {
                "Literal": {
                  "Value": "2L"
                }
              }
            }
          }
        }
      ]
    },
    "visualContainerObjects": {
      "title": [
        {
          "properties": {
            "text": {
              "expr": {
                "Literal": {
                  "Value": "'Sales and Returns against Product Category Trend'"
                }
              }
            }
          }
        }
      ],
      "border": [
        {
          "properties": {
            "show": {
              "expr": {
                "Literal": {
                  "Value": "true"
                }
              }
            }
          }
        }
      ]
    },
    "drillFilterOtherVisuals": true
  },
  "filterConfig": {
    "filters": [
      {
        "name": "2e6f6b4c5402b0409d60",
        "field": {
          "HierarchyLevel": {
            "Expression": {
              "Hierarchy": {
                "Expression": {
                  "PropertyVariationSource": {
                    "Expression": {
                      "SourceRef": {
                        "Entity": "Sales_Transactions"
                      }
                    },
                    "Name": "Variation",
                    "Property": "Date"
                  }
                },
                "Hierarchy": "Date Hierarchy"
              }
            },
            "Level": "Year"
          }
        },
        "type": "Advanced"
      },
      {
        "name": "37c41bd6633564a6a3d7",
        "field": {
          "HierarchyLevel": {
            "Expression": {
              "Hierarchy": {
                "Expression": {
                  "PropertyVariationSource": {
                    "Expression": {
                      "SourceRef": {
                        "Entity": "Sales_Transactions"
                      }
                    },
                    "Name": "Variation",
                    "Property": "Date"
                  }
                },
                "Hierarchy": "Date Hierarchy"
              }
            },
            "Level": "Quarter"
          }
        },
        "type": "Categorical"
      },
      {
        "name": "0e2a0df9482eeddb165b",
        "field": {
          "Aggregation": {
            "Expression": {
              "Column": {
                "Expression": {
                  "SourceRef": {
                    "Entity": "Sales_Transactions"
                  }
                },
                "Property": "Sale Price"
              }
            },
            "Function": 0
          }
        },
        "type": "Advanced"
      },
      {
        "name": "a52fa6291ba81c452069",
        "field": {
          "Column": {
            "Expression": {
              "SourceRef": {
                "Entity": "Sales_Transactions"
              }
            },
            "Property": "Product Category"
          }
        },
        "type": "Categorical"
      },
      {
        "name": "3efa8999954a1c59b90d",
        "field": {
          "Column": {
            "Expression": {
              "SourceRef": {
                "Entity": "Sales_Transactions"
              }
            },
            "Property": "Return Flag"
          }
        },
        "type": "Categorical"
      }
    ]
  }
}