{
  "$schema": "https://developer.microsoft.com/json-schemas/fabric/item/report/definition/visualContainer/2.2.0/schema.json",
  "name": "99c594deee96ec1ddb57",
  "position": {
    "x": 311.49332484631236,
    "y": 63.121995343305585,
    "z": 1000,
    "height": 113.89403507596442,
    "width": 236.02137389236003
  },
  "visual": {
    "visualType": "gauge",
    "query": {
      "queryState": {
        "MaxValue": {
          "projections": [
            {
              "field": {
                "Aggregation": {
                  "Expression": {
                    "Column": {
                      "Expression": {
                        "SourceRef": {
                          "Entity": "Loan_Details"
                        }
                      },
                      "Property": "Interest_Rate"
                    }
                  },
                  "Function": 4
                }
              },
              "queryRef": "Sum(Loan_Details.Interest_Rate)1",
              "nativeQueryRef": "Max of Interest_Rate"
            }
          ]
        },
        "MinValue": {
          "projections": [
            {
              "field": {
                "Aggregation": {
                  "Expression": {
                    "Column": {
                      "Expression": {
                        "SourceRef": {
                          "Entity": "Loan_Details"
                        }
                      },
                      "Property": "Interest_Rate"
                    }
                  },
                  "Function": 3
                }
              },
              "queryRef": "Sum(Loan_Details.Interest_Rate)",
              "nativeQueryRef": "Min of Interest_Rate"
            }
          ]
        },
        "Y": {
          "projections": [
            {
              "field": {
                "Aggregation": {
                  "Expression": {
                    "Column": {
                      "Expression": {
                        "SourceRef": {
                          "Entity": "Loan_Details"
                        }
                      },
                      "Property": "Interest_Rate"
                    }
                  },
                  "Function": 1
                }
              },
              "queryRef": "Avg(Loan_Details.Interest_Rate)",
              "nativeQueryRef": "Avg Interest Rate",
              "displayName": "Avg Interest Rate"
            }
          ]
        }
      },
      "sortDefinition": {
        "sort": [
          {
            "field": {
              "Aggregation": {
                "Expression": {
                  "Column": {
                    "Expression": {
                      "SourceRef": {
                        "Entity": "Loan_Details"
                      }
                    },
                    "Property": "Interest_Rate"
                  }
                },
                "Function": 1
              }
            },
            "direction": "Descending"
          }
        ],
        "isDefaultSort": true
      }
    },
    "visualContainerObjects": {
      "border": [
        {
          "properties": {
            "show": {
              "expr": {
                "Literal": {
                  "Value": "true"
                }
              }
            }
          }
        }
      ],
      "dropShadow": [
        {
          "properties": {
            "show": {
              "expr": {
                "Literal": {
                  "Value": "true"
                }
              }
            }
          }
        }
      ],
      "title": [
        {
          "properties": {
            "bold": {
              "expr": {
                "Literal": {
                  "Value": "false"
                }
              }
            },
            "text": {
              "expr": {
                "Literal": {
                  "Value": "'Avg Interest Rate'"
                }
              }
            }
          }
        }
      ]
    },
    "drillFilterOtherVisuals": true
  },
  "filterConfig": {
    "filters": [
      {
        "name": "34aabbd61757d31dc32e",
        "field": {
          "Aggregation": {
            "Expression": {
              "Column": {
                "Expression": {
                  "SourceRef": {
                    "Entity": "Loan_Details"
                  }
                },
                "Property": "Interest_Rate"
              }
            },
            "Function": 1
          }
        },
        "type": "Advanced"
      },
      {
        "name": "3513a06e63286631c96b",
        "field": {
          "Aggregation": {
            "Expression": {
              "Column": {
                "Expression": {
                  "SourceRef": {
                    "Entity": "Loan_Details"
                  }
                },
                "Property": "Interest_Rate"
              }
            },
            "Function": 3
          }
        },
        "type": "Advanced"
      },
      {
        "name": "245f5750e673109cd35d",
        "field": {
          "Aggregation": {
            "Expression": {
              "Column": {
                "Expression": {
                  "SourceRef": {
                    "Entity": "Loan_Details"
                  }
                },
                "Property": "Interest_Rate"
              }
            },
            "Function": 4
          }
        },
        "type": "Advanced"
      }
    ]
  }
}