{
  "$schema": "https://developer.microsoft.com/json-schemas/fabric/item/report/definition/visualContainer/2.2.0/schema.json",
  "name": "593e75aab36da73a3675",
  "position": {
    "x": 75.47195095395233,
    "y": 86.449689274527216,
    "z": 1,
    "height": 594.1700866011156,
    "width": 1144.4292199199317,
    "tabOrder": 1
  },
  "visual": {
    "visualType": "funnel",
    "query": {
      "queryState": {
        "Category": {
          "projections": [
            {
              "field": {
                "Column": {
                  "Expression": {
                    "SourceRef": {
                      "Entity": "Customer_Info"
                    }
                  },
                  "Property": "Funnel Stage"
                }
              },
              "queryRef": "Customer_Info.Funnel Stage",
              "nativeQueryRef": "Funnel Stage",
              "active": true
            }
          ]
        },
        "Y": {
          "projections": [
            {
              "field": {
                "Aggregation": {
                  "Expression": {
                    "Column": {
                      "Expression": {
                        "SourceRef": {
                          "Entity": "Customer_Info"
                        }
                      },
                      "Property": "Customer ID"
                    }
                  },
                  "Function": 5
                }
              },
              "queryRef": "CountNonNull(Customer_Info.Customer ID)",
              "nativeQueryRef": "Customer ID"
            }
          ]
        }
      },
      "sortDefinition": {
        "sort": [
          {
            "field": {
              "Aggregation": {
                "Expression": {
                  "Column": {
                    "Expression": {
                      "SourceRef": {
                        "Entity": "Customer_Info"
                      }
                    },
                    "Property": "Customer ID"
                  }
                },
                "Function": 5
              }
            },
            "direction": "Descending"
          }
        ],
        "isDefaultSort": true
      }
    },
    "visualContainerObjects": {
      "border": [
        {
          "properties": {
            "show": {
              "expr": {
                "Literal": {
                  "Value": "true"
                }
              }
            }
          }
        }
      ],
      "title": [
        {
          "properties": {
            "text": {
              "expr": {
                "Literal": {
                  "Value": "'Customers by Funnel Stage'"
                }
              }
            }
          }
        }
      ]
    },
    "drillFilterOtherVisuals": true
  },
  "filterConfig": {
    "filters": [
      {
        "name": "4f6a74bb6b70903ea17e",
        "field": {
          "Column": {
            "Expression": {
              "SourceRef": {
                "Entity": "Customer_Info"
              }
            },
            "Property": "Funnel Stage"
          }
        },
        "type": "Categorical"
      },
      {
        "name": "fccc72b13765a87e322c",
        "field": {
          "Aggregation": {
            "Expression": {
              "Column": {
                "Expression": {
                  "SourceRef": {
                    "Entity": "Customer_Info"
                  }
                },
                "Property": "Customer ID"
              }
            },
            "Function": 5
          }
        },
        "type": "Advanced"
      }
    ]
  }
}