{
  "$schema": "https://developer.microsoft.com/json-schemas/fabric/item/report/definition/visualContainer/2.2.0/schema.json",
  "name": "fc61ea829a9a5c3550d1",
  "position": {
    "x": 17.838824770934188,
    "y": 9.6055210305030236,
    "z": 0,
    "height": 237.39359118243189,
    "width": 396.57079683076773
  },
  "visual": {
    "visualType": "keyDriversVisual",
    "query": {
      "queryState": {
        "ExplainBy": {
          "projections": [
            {
              "field": {
                "Column": {
                  "Expression": {
                    "SourceRef": {
                      "Entity": "Sales_Transactions"
                    }
                  },
                  "Property": "Sales Channel"
                }
              },
              "queryRef": "Sales_Transactions.Sales Channel",
              "nativeQueryRef": "Sales Channel"
            },
            {
              "field": {
                "Column": {
                  "Expression": {
                    "SourceRef": {
                      "Entity": "Customer_Info"
                    }
                  },
                  "Property": "Country"
                }
              },
              "queryRef": "Customer_Info.Country",
              "nativeQueryRef": "Country"
            },
            {
              "field": {
                "Aggregation": {
                  "Expression": {
                    "Column": {
                      "Expression": {
                        "SourceRef": {
                          "Entity": "Sales_Transactions"
                        }
                      },
                      "Property": "Discount (%)"
                    }
                  },
                  "Function": 0
                }
              },
              "queryRef": "Sum(Sales_Transactions.Discount (%))",
              "nativeQueryRef": "Sum of Discount (%)"
            },
            {
              "field": {
                "Column": {
                  "Expression": {
                    "SourceRef": {
                      "Entity": "Sales_Transactions"
                    }
                  },
                  "Property": "Product Category"
                }
              },
              "queryRef": "Sales_Transactions.Product Category",
              "nativeQueryRef": "Product Category"
            }
          ]
        },
        "Target": {
          "projections": [
            {
              "field": {
                "Column": {
                  "Expression": {
                    "SourceRef": {
                      "Entity": "Sales_Transactions"
                    }
                  },
                  "Property": "Return Flag"
                }
              },
              "queryRef": "Sales_Transactions.Return Flag",
              "nativeQueryRef": "Return Flag"
            }
          ]
        }
      },
      "sortDefinition": {
        "sort": [
          {
            "field": {
              "Column": {
                "Expression": {
                  "SourceRef": {
                    "Entity": "Sales_Transactions"
                  }
                },
                "Property": "Sales Channel"
              }
            },
            "direction": "Ascending"
          }
        ],
        "isDefaultSort": true
      }
    },
    "objects": {
      "keyDrivers": [
        {
          "properties": {
            "targetValue": {
              "expr": {
                "Literal": {
                  "Value": "'''Not Returned'''"
                }
              }
            }
          }
        }
      ]
    },
    "visualContainerObjects": {
      "border": [
        {
          "properties": {
            "show": {
              "expr": {
                "Literal": {
                  "Value": "true"
                }
              }
            }
          }
        }
      ]
    },
    "drillFilterOtherVisuals": true
  },
  "filterConfig": {
    "filters": [
      {
        "name": "581ce160861ddc08260b",
        "field": {
          "Column": {
            "Expression": {
              "SourceRef": {
                "Entity": "Sales_Transactions"
              }
            },
            "Property": "Return Flag"
          }
        },
        "type": "Categorical"
      },
      {
        "name": "db7f2874b09889310c02",
        "field": {
          "Column": {
            "Expression": {
              "SourceRef": {
                "Entity": "Sales_Transactions"
              }
            },
            "Property": "Sales Channel"
          }
        },
        "type": "Categorical"
      },
      {
        "name": "f96c2f44587e4405d1a9",
        "field": {
          "Column": {
            "Expression": {
              "SourceRef": {
                "Entity": "Sales_Transactions"
              }
            },
            "Property": "Product Category"
          }
        },
        "type": "Categorical"
      },
      {
        "name": "f31bc1110a729ca3e253",
        "field": {
          "Column": {
            "Expression": {
              "SourceRef": {
                "Entity": "Customer_Info"
              }
            },
            "Property": "Country"
          }
        },
        "type": "Categorical"
      }
    ]
  }
}