{
  "$schema": "https://developer.microsoft.com/json-schemas/fabric/item/report/definition/visualContainer/2.2.0/schema.json",
  "name": "d7cf6702c3bec7b6c19a",
  "position": {
    "x": 865.955642887033,
    "y": 321.93875880137546,
    "z": 5000,
    "height": 192.26898095082146,
    "width": 369.63338973491256,
    "tabOrder": 4000
  },
  "visual": {
    "visualType": "donutChart",
    "query": {
      "queryState": {
        "Category": {
          "projections": [
            {
              "field": {
                "Column": {
                  "Expression": {
                    "SourceRef": {
                      "Entity": "Customer_Details"
                    }
                  },
                  "Property": "Employment_Status"
                }
              },
              "queryRef": "Customer_Details.Employment_Status",
              "nativeQueryRef": "Employment",
              "active": true,
              "displayName": "Employment"
            }
          ]
        },
        "Tooltips": {
          "projections": [
            {
              "field": {
                "Measure": {
                  "Expression": {
                    "SourceRef": {
                      "Entity": "Analysis"
                    }
                  },
                  "Property": "High_Risk_Loans"
                }
              },
              "queryRef": "Analysis.High_Risk_Loans",
              "nativeQueryRef": "High_Risk_Loans"
            }
          ]
        },
        "Y": {
          "projections": [
            {
              "field": {
                "Aggregation": {
                  "Expression": {
                    "Column": {
                      "Expression": {
                        "SourceRef": {
                          "Entity": "Loan_Details"
                        }
                      },
                      "Property": "Loan_Amount"
                    }
                  },
                  "Function": 0
                }
              },
              "queryRef": "Sum(Loan_Details.Loan_Amount)",
              "nativeQueryRef": "High_Risk_Loan_Amount",
              "displayName": "High_Risk_Loan_Amount"
            }
          ]
        }
      },
      "sortDefinition": {
        "sort": [
          {
            "field": {
              "Aggregation": {
                "Expression": {
                  "Column": {
                    "Expression": {
                      "SourceRef": {
                        "Entity": "Loan_Details"
                      }
                    },
                    "Property": "Loan_Amount"
                  }
                },
                "Function": 0
              }
            },
            "direction": "Descending"
          }
        ],
        "isDefaultSort": true
      }
    },
    "visualContainerObjects": {
      "border": [
        {
          "properties": {
            "show": {
              "expr": {
                "Literal": {
                  "Value": "true"
                }
              }
            }
          }
        }
      ],
      "dropShadow": [
        {
          "properties": {
            "show": {
              "expr": {
                "Literal": {
                  "Value": "true"
                }
              }
            }
          }
        }
      ],
      "title": [
        {
          "properties": {
            "text": {
              "expr": {
                "Literal": {
                  "Value": "'High Risk Loan Amount'"
                }
              }
            },
            "bold": {
              "expr": {
                "Literal": {
                  "Value": "true"
                }
              }
            }
          }
        }
      ]
    },
    "drillFilterOtherVisuals": true
  },
  "filterConfig": {
    "filters": [
      {
        "name": "78dc3fe94a14c6019837",
        "ordinal": 2,
        "field": {
          "Column": {
            "Expression": {
              "SourceRef": {
                "Entity": "Customer_Details"
              }
            },
            "Property": "Credit score Buckets"
          }
        },
        "type": "Categorical",
        "filter": {
          "Version": 2,
          "From": [
            {
              "Name": "c",
              "Entity": "Customer_Details",
              "Type": 0
            }
          ],
          "Where": [
            {
              "Condition": {
                "In": {
                  "Expressions": [
                    {
                      "Column": {
                        "Expression": {
                          "SourceRef": {
                            "Source": "c"
                          }
                        },
                        "Property": "Credit score Buckets"
                      }
                    }
                  ],
                  "Values": [
                    [
                      {
                        "Literal": {
                          "Value": "'Poor'"
                        }
                      }
                    ]
                  ]
                }
              }
            }
          ]
        },
        "howCreated": "User"
      },
      {
        "name": "7bddaa585ea36c8e000a",
        "field": {
          "Column": {
            "Expression": {
              "SourceRef": {
                "Entity": "Customer_Details"
              }
            },
            "Property": "Employment_Status"
          }
        },
        "type": "Categorical"
      },
      {
        "name": "168c76f7b09216eac330",
        "field": {
          "Aggregation": {
            "Expression": {
              "Column": {
                "Expression": {
                  "SourceRef": {
                    "Entity": "Loan_Details"
                  }
                },
                "Property": "Loan_Amount"
              }
            },
            "Function": 0
          }
        },
        "type": "Advanced"
      },
      {
        "name": "8536f786c2c0ca4064d1",
        "field": {
          "Measure": {
            "Expression": {
              "SourceRef": {
                "Entity": "Analysis"
              }
            },
            "Property": "High_Risk_Loans"
          }
        },
        "type": "Advanced"
      }
    ],
    "filterSortOrder": "Custom"
  }
}