{
  "$schema": "https://developer.microsoft.com/json-schemas/fabric/item/report/definition/visualContainer/2.2.0/schema.json",
  "name": "9c564301cdcc06404a73",
  "position": {
    "x": 473.80904663959353,
    "y": 12.961341701387058,
    "z": 10000,
    "height": 57.605963117275813,
    "width": 313.95249898915318,
    "tabOrder": 9000
  },
  "visual": {
    "visualType": "textbox",
    "objects": {
      "general": [
        {
          "properties": {
            "paragraphs": [
              {
                "textRuns": [
                  {
                    "value": "Financial Risk Analysis",
                    "textStyle": {
                      "fontWeight": "bold",
                      "fontSize": "20pt",
                      "textDecoration": "underline"
                    }
                  }
                ]
              }
            ]
          }
        }
      ]
    },
    "visualContainerObjects": {
      "background": [
        {
          "properties": {
            "transparency": {
              "expr": {
                "Literal": {
                  "Value": "100D"
                }
              }
            }
          }
        }
      ]
    },
    "drillFilterOtherVisuals": true
  }
}