{
  "$schema": "https://developer.microsoft.com/json-schemas/fabric/item/report/definition/visualContainer/2.2.0/schema.json",
  "name": "798eea588987734170ee",
  "position": {
    "x": 61.749778053233726,
    "y": 105.66073133553327,
    "z": 0,
    "height": 142.71059816747351,
    "width": 245.62689492286304,
    "tabOrder": 7000
  },
  "visual": {
    "visualType": "card",
    "query": {
      "queryState": {
        "Values": {
          "projections": [
            {
              "field": {
                "Measure": {
                  "Expression": {
                    "SourceRef": {
                      "Entity": "Analysis"
                    }
                  },
                  "Property": "Total Customers"
                }
              },
              "queryRef": "Analysis.Total Customers",
              "nativeQueryRef": "Total Customers"
            }
          ]
        }
      },
      "sortDefinition": {
        "sort": [
          {
            "field": {
              "Measure": {
                "Expression": {
                  "SourceRef": {
                    "Entity": "Analysis"
                  }
                },
                "Property": "Total Customers"
              }
            },
            "direction": "Descending"
          }
        ],
        "isDefaultSort": true
      }
    },
    "objects": {
      "wordWrap": [
        {
          "properties": {
            "show": {
              "expr": {
                "Literal": {
                  "Value": "true"
                }
              }
            }
          }
        }
      ],
      "labels": [
        {
          "properties": {
            "color": {
              "solid": {
                "color": {
                  "expr": {
                    "ThemeDataColor": {
                      "ColorId": 2,
                      "Percent": 0
                    }
                  }
                }
              }
            }
          }
        }
      ],
      "categoryLabels": [
        {
          "properties": {
            "underline": {
              "expr": {
                "Literal": {
                  "Value": "true"
                }
              }
            },
            "bold": {
              "expr": {
                "Literal": {
                  "Value": "true"
                }
              }
            },
            "color": {
              "solid": {
                "color": {
                  "expr": {
                    "ThemeDataColor": {
                      "ColorId": 1,
                      "Percent": 0
                    }
                  }
                }
              }
            }
          }
        }
      ]
    },
    "visualContainerObjects": {
      "title": [
        {
          "properties": {
            "show": {
              "expr": {
                "Literal": {
                  "Value": "false"
                }
              }
            },
            "text": {
              "expr": {
                "Literal": {
                  "Value": "'Number of Customers'"
                }
              }
            },
            "underline": {
              "expr": {
                "Literal": {
                  "Value": "true"
                }
              }
            },
            "bold": {
              "expr": {
                "Literal": {
                  "Value": "true"
                }
              }
            }
          }
        }
      ],
      "border": [
        {
          "properties": {
            "show": {
              "expr": {
                "Literal": {
                  "Value": "true"
                }
              }
            }
          }
        }
      ],
      "dropShadow": [
        {
          "properties": {
            "show": {
              "expr": {
                "Literal": {
                  "Value": "true"
                }
              }
            }
          }
        }
      ]
    },
    "drillFilterOtherVisuals": true
  },
  "filterConfig": {
    "filters": [
      {
        "name": "0db1a73dde34e2483660",
        "displayName": "Number of Customers",
        "field": {
          "Aggregation": {
            "Expression": {
              "Column": {
                "Expression": {
                  "SourceRef": {
                    "Entity": "Customer_Details"
                  }
                },
                "Property": "Customer_ID"
              }
            },
            "Function": 2
          }
        },
        "type": "Advanced",
        "howCreated": "User"
      },
      {
        "name": "c99228d005802643cab6",
        "field": {
          "Measure": {
            "Expression": {
              "SourceRef": {
                "Entity": "Analysis"
              }
            },
            "Property": "Total Customers"
          }
        },
        "type": "Advanced"
      }
    ]
  }
}