{
  "$schema": "https://developer.microsoft.com/json-schemas/fabric/item/report/definition/visualContainer/2.2.0/schema.json",
  "name": "44a301d50de66924b001",
  "position": {
    "x": 403.91390571839236,
    "y": 360.69064643487434,
    "z": 9000,
    "height": 347.27653148481704,
    "width": 444.1562505685643,
    "tabOrder": 8000
  },
  "visual": {
    "visualType": "columnChart",
    "query": {
      "queryState": {
        "Category": {
          "projections": [
            {
              "field": {
                "Column": {
                  "Expression": {
                    "SourceRef": {
                      "Entity": "Customer_Details"
                    }
                  },
                  "Property": "Credit score Buckets"
                }
              },
              "queryRef": "Customer_Details.Credit score Buckets",
              "nativeQueryRef": "Customer_Details.Credit Score Buckets",
              "active": true,
              "displayName": "Customer_Details.Credit Score Buckets"
            }
          ]
        },
        "Series": {
          "projections": [
            {
              "field": {
                "Column": {
                  "Expression": {
                    "SourceRef": {
                      "Entity": "Customer_Details"
                    }
                  },
                  "Property": "Employment_Status"
                }
              },
              "queryRef": "Customer_Details.Employment_Status",
              "nativeQueryRef": "Customer_Details.Employment_Status",
              "displayName": "Customer_Details.Employment_Status"
            }
          ]
        },
        "Y": {
          "projections": [
            {
              "field": {
                "Aggregation": {
                  "Expression": {
                    "Column": {
                      "Expression": {
                        "SourceRef": {
                          "Entity": "Loan_Details"
                        }
                      },
                      "Property": "Customer_ID"
                    }
                  },
                  "Function": 5
                }
              },
              "queryRef": "CountNonNull(Loan_Details.Customer_ID)",
              "nativeQueryRef": "Count of Customer_ID",
              "displayName": "Count of Customer_ID"
            }
          ]
        }
      },
      "sortDefinition": {
        "sort": [
          {
            "field": {
              "Aggregation": {
                "Expression": {
                  "Column": {
                    "Expression": {
                      "SourceRef": {
                        "Entity": "Loan_Details"
                      }
                    },
                    "Property": "Customer_ID"
                  }
                },
                "Function": 5
              }
            },
            "direction": "Descending"
          }
        ],
        "isDefaultSort": true
      }
    },
    "visualContainerObjects": {
      "border": [
        {
          "properties": {
            "show": {
              "expr": {
                "Literal": {
                  "Value": "true"
                }
              }
            }
          }
        }
      ],
      "dropShadow": [
        {
          "properties": {
            "show": {
              "expr": {
                "Literal": {
                  "Value": "true"
                }
              }
            }
          }
        }
      ],
      "title": [
        {
          "properties": {
            "text": {
              "expr": {
                "Literal": {
                  "Value": "'Credit Score Vs Customers'"
                }
              }
            },
            "bold": {
              "expr": {
                "Literal": {
                  "Value": "true"
                }
              }
            }
          }
        }
      ]
    },
    "drillFilterOtherVisuals": true
  },
  "filterConfig": {
    "filters": [
      {
        "name": "3553a98723d879040433",
        "field": {
          "Column": {
            "Expression": {
              "SourceRef": {
                "Entity": "Customer_Details"
              }
            },
            "Property": "Credit score Buckets"
          }
        },
        "type": "Categorical"
      },
      {
        "name": "dbf9cb64b2c900e5b30a",
        "field": {
          "Column": {
            "Expression": {
              "SourceRef": {
                "Entity": "Customer_Details"
              }
            },
            "Property": "Employment_Status"
          }
        },
        "type": "Categorical"
      },
      {
        "name": "950de604eb58bd0b0646",
        "field": {
          "Aggregation": {
            "Expression": {
              "Column": {
                "Expression": {
                  "SourceRef": {
                    "Entity": "Loan_Details"
                  }
                },
                "Property": "Customer_ID"
              }
            },
            "Function": 5
          }
        },
        "type": "Advanced"
      }
    ]
  }
}