{
  "$schema": "https://developer.microsoft.com/json-schemas/fabric/item/report/definition/visualContainer/2.2.0/schema.json",
  "name": "d74ad2dda15a1ec28cc2",
  "position": {
    "x": 924.874453508434,
    "y": 415.78183889177376,
    "z": 7000,
    "height": 257.97685053350978,
    "width": 321.0988458768154,
    "tabOrder": 6000
  },
  "visual": {
    "visualType": "tableEx",
    "query": {
      "queryState": {
        "Values": {
          "projections": [
            {
              "field": {
                "Column": {
                  "Expression": {
                    "SourceRef": {
                      "Entity": "Customer_Details"
                    }
                  },
                  "Property": "Name"
                }
              },
              "queryRef": "Customer_Details.Name",
              "nativeQueryRef": "Name"
            },
            {
              "field": {
                "Column": {
                  "Expression": {
                    "SourceRef": {
                      "Entity": "Loan_Details"
                    }
                  },
                  "Property": "Loan_Amount"
                }
              },
              "queryRef": "Sum(Loan_Details.Loan_Amount)",
              "nativeQueryRef": "Loan Amount",
              "displayName": "Loan Amount"
            },
            {
              "field": {
                "Column": {
                  "Expression": {
                    "SourceRef": {
                      "Entity": "Loan_Details"
                    }
                  },
                  "Property": "Loan_Type"
                }
              },
              "queryRef": "Loan_Details.Loan_Type",
              "nativeQueryRef": "Loan_Type",
              "displayName": "Loan_Type"
            }
          ]
        }
      }
    },
    "objects": {
      "total": [
        {
          "properties": {
            "bold": {
              "expr": {
                "Literal": {
                  "Value": "true"
                }
              }
            }
          }
        }
      ]
    },
    "visualContainerObjects": {
      "border": [
        {
          "properties": {
            "show": {
              "expr": {
                "Literal": {
                  "Value": "true"
                }
              }
            }
          }
        }
      ],
      "dropShadow": [
        {
          "properties": {
            "show": {
              "expr": {
                "Literal": {
                  "Value": "true"
                }
              }
            }
          }
        }
      ]
    },
    "drillFilterOtherVisuals": true
  },
  "filterConfig": {
    "filters": [
      {
        "name": "5b65e6e0cee415a4e34e",
        "field": {
          "Column": {
            "Expression": {
              "SourceRef": {
                "Entity": "Loan_Details"
              }
            },
            "Property": "Status"
          }
        },
        "type": "Categorical",
        "filter": {
          "Version": 2,
          "From": [
            {
              "Name": "l",
              "Entity": "Loan_Details",
              "Type": 0
            }
          ],
          "Where": [
            {
              "Condition": {
                "In": {
                  "Expressions": [
                    {
                      "Column": {
                        "Expression": {
                          "SourceRef": {
                            "Source": "l"
                          }
                        },
                        "Property": "Status"
                      }
                    }
                  ],
                  "Values": [
                    [
                      {
                        "Literal": {
                          "Value": "'Defaulted'"
                        }
                      }
                    ]
                  ]
                }
              }
            }
          ]
        },
        "howCreated": "User"
      },
      {
        "name": "0e8e0893791d932a4130",
        "field": {
          "Column": {
            "Expression": {
              "SourceRef": {
                "Entity": "Loan_Details"
              }
            },
            "Property": "Loan_ID"
          }
        },
        "type": "TopN",
        "howCreated": "User"
      },
      {
        "name": "344aa77da14d07b0a797",
        "field": {
          "Column": {
            "Expression": {
              "SourceRef": {
                "Entity": "Customer_Details"
              }
            },
            "Property": "Name"
          }
        },
        "type": "Categorical"
      },
      {
        "name": "e191aa3fc1b1bcb91bc3",
        "field": {
          "Column": {
            "Expression": {
              "SourceRef": {
                "Entity": "Loan_Details"
              }
            },
            "Property": "Loan_Amount"
          }
        },
        "type": "TopN",
        "filter": {
          "Version": 2,
          "From": [
            {
              "Name": "subquery",
              "Expression": {
                "Subquery": {
                  "Query": {
                    "Version": 2,
                    "From": [
                      {
                        "Name": "l",
                        "Entity": "Loan_Details",
                        "Type": 0
                      }
                    ],
                    "Select": [
                      {
                        "Column": {
                          "Expression": {
                            "SourceRef": {
                              "Source": "l"
                            }
                          },
                          "Property": "Loan_Amount"
                        },
                        "Name": "field"
                      }
                    ],
                    "OrderBy": [
                      {
                        "Direction": 2,
                        "Expression": {
                          "Aggregation": {
                            "Expression": {
                              "Column": {
                                "Expression": {
                                  "SourceRef": {
                                    "Source": "l"
                                  }
                                },
                                "Property": "Loan_Amount"
                              }
                            },
                            "Function": 0
                          }
                        }
                      }
                    ],
                    "Top": 10
                  }
                }
              },
              "Type": 2
            },
            {
              "Name": "l",
              "Entity": "Loan_Details",
              "Type": 0
            }
          ],
          "Where": [
            {
              "Condition": {
                "In": {
                  "Expressions": [
                    {
                      "Column": {
                        "Expression": {
                          "SourceRef": {
                            "Source": "l"
                          }
                        },
                        "Property": "Loan_Amount"
                      }
                    }
                  ],
                  "Table": {
                    "SourceRef": {
                      "Source": "subquery"
                    }
                  }
                }
              }
            }
          ]
        }
      },
      {
        "name": "845ef5d49de5780940a0",
        "field": {
          "Column": {
            "Expression": {
              "SourceRef": {
                "Entity": "Loan_Details"
              }
            },
            "Property": "Loan_Type"
          }
        },
        "type": "Categorical"
      }
    ]
  }
}