{
  "$schema": "https://developer.microsoft.com/json-schemas/fabric/item/report/definition/visualContainer/2.2.0/schema.json",
  "name": "6343092e997d1248b84a",
  "position": {
    "x": 865.86911003534408,
    "y": 63.121995343305585,
    "z": 5000,
    "height": 248.37132950300676,
    "width": 386.96527580026469,
    "tabOrder": 4000
  },
  "visual": {
    "visualType": "pieChart",
    "query": {
      "queryState": {
        "Category": {
          "projections": [
            {
              "field": {
                "Column": {
                  "Expression": {
                    "SourceRef": {
                      "Entity": "Loan_Details"
                    }
                  },
                  "Property": "Loan_Type"
                }
              },
              "queryRef": "Loan_Details.Loan_Type",
              "nativeQueryRef": "Loan_Type",
              "active": true
            }
          ]
        },
        "Y": {
          "projections": [
            {
              "field": {
                "Aggregation": {
                  "Expression": {
                    "Column": {
                      "Expression": {
                        "SourceRef": {
                          "Entity": "Loan_Details"
                        }
                      },
                      "Property": "Loan_ID"
                    }
                  },
                  "Function": 5
                }
              },
              "queryRef": "CountNonNull(Loan_Details.Loan_ID)",
              "nativeQueryRef": "Count of Loan_ID"
            }
          ]
        }
      },
      "sortDefinition": {
        "sort": [
          {
            "field": {
              "Aggregation": {
                "Expression": {
                  "Column": {
                    "Expression": {
                      "SourceRef": {
                        "Entity": "Loan_Details"
                      }
                    },
                    "Property": "Loan_ID"
                  }
                },
                "Function": 5
              }
            },
            "direction": "Descending"
          }
        ],
        "isDefaultSort": true
      }
    },
    "visualContainerObjects": {
      "border": [
        {
          "properties": {
            "show": {
              "expr": {
                "Literal": {
                  "Value": "true"
                }
              }
            }
          }
        }
      ],
      "dropShadow": [
        {
          "properties": {
            "show": {
              "expr": {
                "Literal": {
                  "Value": "true"
                }
              }
            }
          }
        }
      ],
      "title": [
        {
          "properties": {
            "text": {
              "expr": {
                "Literal": {
                  "Value": "'Loan Type'"
                }
              }
            }
          }
        }
      ]
    },
    "drillFilterOtherVisuals": true
  },
  "filterConfig": {
    "filters": [
      {
        "name": "db60d6e3d00029077aa0",
        "field": {
          "Column": {
            "Expression": {
              "SourceRef": {
                "Entity": "Loan_Details"
              }
            },
            "Property": "Loan_Type"
          }
        },
        "type": "Categorical"
      },
      {
        "name": "c4169d063d994d406eee",
        "field": {
          "Aggregation": {
            "Expression": {
              "Column": {
                "Expression": {
                  "SourceRef": {
                    "Entity": "Loan_Details"
                  }
                },
                "Property": "Loan_ID"
              }
            },
            "Function": 5
          }
        },
        "type": "Advanced"
      }
    ]
  }
}