{
  "$schema": "https://developer.microsoft.com/json-schemas/fabric/item/report/definition/visualContainer/2.2.0/schema.json",
  "name": "6718a2482b12662b40bd",
  "position": {
    "x": 539.54551243563856,
    "y": 186.30715208412931,
    "z": 4000,
    "height": 125.1984062005349,
    "width": 280.2059567345305,
    "tabOrder": 3000
  },
  "visual": {
    "visualType": "slicer",
    "query": {
      "queryState": {
        "Values": {
          "projections": [
            {
              "field": {
                "Column": {
                  "Expression": {
                    "SourceRef": {
                      "Entity": "Customer_Details"
                    }
                  },
                  "Property": "Credit score Buckets"
                }
              },
              "queryRef": "Customer_Details.Credit score Buckets",
              "nativeQueryRef": "Credit score Buckets",
              "active": true
            },
            {
              "field": {
                "Column": {
                  "Expression": {
                    "SourceRef": {
                      "Entity": "Customer_Details"
                    }
                  },
                  "Property": "Income Buckets"
                }
              },
              "queryRef": "Customer_Details.Income Buckets",
              "nativeQueryRef": "Customer_Details.Income Buckets",
              "active": false,
              "displayName": "Customer_Details.Income Buckets"
            }
          ]
        }
      }
    },
    "objects": {
      "data": [
        {
          "properties": {
            "mode": {
              "expr": {
                "Literal": {
                  "Value": "'Dropdown'"
                }
              }
            }
          }
        }
      ],
      "general": [
        {
          "properties": {}
        }
      ],
      "header": [
        {
          "properties": {
            "text": {
              "expr": {
                "Literal": {
                  "Value": "'Income'"
                }
              }
            },
            "bold": {
              "expr": {
                "Literal": {
                  "Value": "true"
                }
              }
            },
            "fontColor": {
              "solid": {
                "color": {
                  "expr": {
                    "ThemeDataColor": {
                      "ColorId": 1,
                      "Percent": 0
                    }
                  }
                }
              }
            }
          }
        }
      ]
    },
    "visualContainerObjects": {
      "border": [
        {
          "properties": {
            "show": {
              "expr": {
                "Literal": {
                  "Value": "true"
                }
              }
            }
          }
        }
      ],
      "dropShadow": [
        {
          "properties": {
            "show": {
              "expr": {
                "Literal": {
                  "Value": "true"
                }
              }
            }
          }
        }
      ],
      "title": [
        {
          "properties": {
            "show": {
              "expr": {
                "Literal": {
                  "Value": "false"
                }
              }
            },
            "text": {
              "expr": {
                "Literal": {
                  "Value": "'Income & Credit Score Buckets'"
                }
              }
            }
          }
        }
      ]
    },
    "drillFilterOtherVisuals": true
  },
  "filterConfig": {
    "filters": [
      {
        "name": "32822ca8c5eca9e01256",
        "field": {
          "Column": {
            "Expression": {
              "SourceRef": {
                "Entity": "Customer_Details"
              }
            },
            "Property": "Credit score Buckets"
          }
        },
        "type": "Categorical"
      },
      {
        "name": "b46a9486001000b03dd5",
        "field": {
          "Column": {
            "Expression": {
              "SourceRef": {
                "Entity": "Customer_Details"
              }
            },
            "Property": "Income Buckets"
          }
        },
        "type": "Categorical"
      }
    ]
  }
}